question,option_a,option_b,option_c,option_d,correct_answer
हिंदी को भारत की राजभाषा के रूप में कब स्वीकार किया गया था?,1947,1949,1950,1952,B
हिंदी किस लिपि में लिखी जाती है?,खरोष्ठी,रोमन,देवनागरी,गुरुमुखी,C
हिंदी साहित्य का पहला महाकाव्य किसे माना जाता है?,रामचरितमानस,पद्मावत,पृथ्वीराज रासो,कामायनी,C
'पृथ्वीराज रासो' के रचयिता कौन हैं?,तुलसीदास,चंदबरदाई,सूरदास,कबीरदास,B
हिंदी का पहला समाचार पत्र 'उदंत मार्तंड' कहाँ से प्रकाशित हुआ था?,दिल्ली,कोलकाता,पटना,वाराणसी,B
'उदंत मार्तंड' के संपादक कौन थे?,भारतेंदु हरिश्चंद्र,जुगल किशोर शुक्ल,महावीर प्रसाद द्विवेदी,बालकृष्ण भट्ट,B
'कामायनी' महाकाव्य के रचयिता कौन हैं?,जयशंकर प्रसाद,सूर्यकांत त्रिपाठी 'निराला',सुमित्रानंदन पंत,महादेवी वर्मा,A
'रामचरितमानस' की भाषा क्या है?,संस्कृत,अवधी,ब्रजभाषा,मैथिली,B
'गोदान' उपन्यास के लेखक का नाम क्या है?,जयशंकर प्रसाद,मुंशी प्रेमचंद,सूर्यकांत त्रिपाठी 'निराला',रामधारी सिंह 'दिनकर',B
संविधान की किस अनुसूची में 22 भाषाओं को शामिल किया गया है?,सातवीं,आठवीं,नौवीं,दसवीं,B
'राष्ट्रकवि' के रूप में किसे जाना जाता है?,मैथिलीशरण गुप्त,हरिवंश राय बच्चन,माखनलाल चतुर्वेदी,सुभद्रा कुमारी चौहान,A
'मधुशाला' के रचयिता कौन हैं?,रामधारी सिंह 'दिनकर',हरिवंश राय बच्चन,आग्नेय,नागार्जुन,B
विश्व हिंदी दिवस कब मनाया जाता है?,10 जनवरी,14 सितंबर,15 अगस्त,26 जनवरी,A
"संघ की राजभाषा हिंदी और लिपि देवनागरी होगी, यह किस अनुच्छेद में है?",अनुच्छेद 343,अनुच्छेद 345,अनुच्छेद 348,अनुच्छेद 351,A
हिंदी भाषा किस परिवार की भाषा है?,द्रविड़,भारोपीय (भारत-यूरोपीय),आस्ट्रिक,चीनी-तिब्बती,B
भारतीय संविधान के किस भाग में राजभाषा का प्रावधान है?,भाग 15,भाग 17,भाग 18,भाग 20,B
संसदीय राजभाषा समिति में कुल कितने सदस्य होते हैं?,20,30,25,15,B
पहला विश्व हिंदी सम्मेलन कहाँ आयोजित हुआ था?,नई दिल्ली,नागपुर,मॉरीशस,लंदन,B
राजभाषा आयोग के प्रथम अध्यक्ष कौन थे?,बी. जी. खेर (बाल गंगाधर खेर),डॉ. राजेंद्र प्रसाद,पं. जवाहरलाल नेहरू,सर्वपल्ली राधाकृष्णन,A
भारतीय संविधान की आठवीं अनुसूची में मूल रूप से कितनी भाषाएँ थीं?,14,18,22,10,A
राजभाषा अधिनियम (Official Languages Act) किस वर्ष पारित हुआ था?,1963,1955,1976,1950,A
राजभाषा नियम कब बने थे?,1976,1965,1980,1955,A
क्षेत्रीय भाषाओं को राजभाषा का दर्जा देने वाला पहला राज्य कौन सा था?,बिहार,उत्तर प्रदेश,आंध्र प्रदेश,तमिलनाडु,A
'क' क्षेत्र के अंतर्गत कौन-से राज्य आते हैं?,"बिहार, उत्तर प्रदेश, मध्य प्रदेश, राजस्थान आदि","महाराष्ट्र, गुजरात, पंजाब","तमिलनाडु, केरल, कर्नाटक","पश्चिम बंगाल, ओडिशा",A
'ग' क्षेत्र के अंतर्गत आने वाले राज्य/संघ क्षेत्र कौन से हैं?,"तमिलनाडु, केरल, कर्नाटक, पश्चिम बंगाल आदि","हरियाणा, हिमाचल प्रदेश","उत्तराखंड, झारखंड",छत्तीसगढ़,A
मातृभाषा में प्राथमिक शिक्षा की सुविधा का प्रावधान किस अनुच्छेद में है?,अनुच्छेद 350क (350A),अनुच्छेद 343,अनुच्छेद 349,अनुच्छेद 351,A
हिंदी भाषा का मानक रूप किस बोली पर आधारित है?,खड़ी बोली,अवधी,ब्रजभाषा,भोजपुरी,A
'गीतांजलि' के लिए रबिन्द्रनाथ टैगोर को नोबेल पुरस्कार कब मिला था?,1911,1913,1915,1919,B
बांग्ला साहित्य का पहला उपन्यास किसे माना जाता है?,दुर्गेश नंदिनी,आरेखो,कपालकुंडला,पदम नदी माझि,A
'अमर सोनार बांग्ला' गीत के रचयिता कौन हैं?,काजी नजरुल इस्लाम,शरतचंद्र चट्टोपाध्याय,रबिन्द्रनाथ टैगोर,ईश्वरचंद्र विद्यासागर,C
बांग्ला के 'विद्रोही कवि' (Bidrohi Kobi) के रूप में किसे जाना जाता है?,জসীম उद्दीन,काजी नजरुल इस्लाम,माइकल मधुसूदन दत्त,सत्येंद्रनाथ दत्त,B
प्रसिद्ध उपन्यास 'देवदास' के लेखक कौन हैं?,बंकिम चंद्र चट्टोपाध्याय,रबिन्द्रनाथ टैगोर,ताराशंकर बंद्योपाध्याय,शरतचंद्र चट्टोपाध्याय,D
बांग्ला गद्य का जनक (Father of Bengali Prose) किसे कहा जाता है?,ईश्वरचंद्र विद्यासागर,राजा राममोहन राय,पियरी चरण सरकार,मदनमोहन तर्कालङ्कार,A
भारत का राष्ट्रीय गान 'जन गण मन' मूल रूप से किस भाषा में लिखा गया था?,हिंदी,संस्कृत,बांग्ला,मैथिली,C
'आनंदमठ' उपन्यास के रचयिता कौन हैं?,बंकिम चंद्र चट्टोपाध्याय,विभूतिभूषण बंद्योपाध्याय,माणिक बंद्योपाध्याय,आशापूर्णा देवी,A
प्रसिद्ध बांग्ला उपन्यास 'पाथेर पांचाली' के लेखक कौन हैं?,ताराशंकर बंद्योपाध्याय,विभूतिभूषण बंद्योपाध्याय,सुनील गंगोपाध्याय,शक्ति चट्टोपाध्याय,B
ज्ञानपीठ पुरस्कार पाने वाली पहली बांग्ला महिला लेखिका कौन थीं?,महाश्वेता देवी,नयन तारा सहगल,आशापूर्णा देवी,मणिनी देवी,C
हिंदी किस लिपि में लिखी जाती है?,खरोष्ठी,रोमन,देवनागरी,गुरुमुखी,C
हिंदी का पहला समाचार पत्र 'उदंत मार्तंड' कहाँ से प्रकाशित हुआ था?,दिल्ली,कोलकाता,पटना,वाराणसी,B
'उदंत मार्तंड' के संपादक कौन थे?,भारतेंदु हरिश्चंद्र,जुगल किशोर शुक्ल,महावीर प्रसाद द्विवेदी,बालकृष्ण भट्ट,B
'रामचरितमानस' की भाषा क्या है?,संस्कृत,अवधी,ब्रजभाषा,मैथिली,B
'गोदान' उपन्यास के लेखक का नाम क्या है?,जयशंकर प्रसाद,मुंशी प्रेमचंद,सूर्यकांत त्रिपाठी 'निराला',रामधारी सिंह 'दिनकर',B
संविधान की किस अनुसूची में 22 भाषाओं को शामिल किया गया है?,सातवीं,आठवीं,नौवीं,दसवीं,B
'राष्ट्रकवि' के रूप में किसे जाना जाता है?,मैथिलीशरण गुप्त,हरिवंश राय बच्चन,माखनलाल चतुर्वेदी,सुभद्रा कुमारी चौहान,A
'मधुशाला' के रचयिता कौन हैं?,रामधारी सिंह 'दिनकर',हरिवंश राय बच्चन,आग्नेय,नागार्जुन,B
हिंदी दिवस पहली बार आधिकारिक रूप से कब मनाया गया था?,1949,,1953,1960,C
विश्व हिंदी दिवस कब मनाया जाता है?,10 जनवरी,14 सितंबर,15 अगस्त,26 जनवरी,A
हिंदी की लिपि कौन सी है?,रोमन,गुरुमुखी,देवनागरी,बंगाली,C
पहला विश्व हिंदी सम्मेलन कहाँ आयोजित हुआ था?,नई दिल्ली,नागपुर,मॉरीशस,लंदन,B
राजभाषा आयोग के प्रथम अध्यक्ष कौन थे?,बी. जी. खेर (बाल गंगाधर खेर),डॉ. राजेंद्र प्रसाद,पं. जवाहरलाल नेहरू,सर्वपल्ली राधाकृष्णन,A
संविधान के किस अनुच्छेद में 'हिंदी भाषा के विकास के लिए निर्देश' दिए गए हैं?,अनुच्छेद 351,अनुच्छेद 343,अनुच्छेद 344,अनुच्छेद 350,A
केंद्रीय हिंदी समिति के अध्यक्ष कौन होते हैं?,प्रधानमंत्री,गृह मंत्री,शिक्षा मंत्री,राष्ट्रपति,A
भारतीय संविधान की आठवीं अनुसूची में मूल रूप से कितनी भाषाएँ थीं?,14,18,22,10,A
राजभाषा अधिनियम (Official Languages Act) किस वर्ष पारित हुआ था?,1963,1955,1976,1950,A
राजभाषा नियम कब बने थे?,1976,1965,1980,1955,A
क्षेत्रीय भाषाओं को राजभाषा का दर्जा देने वाला पहला राज्य कौन सा था?,बिहार,उत्तर प्रदेश,आंध्र प्रदेश,तमिलनाडु,A
मातृभाषा में प्राथमिक शिक्षा की सुविधा का प्रावधान किस अनुच्छेद में है?,अनुच्छेद 350क (350A),अनुच्छेद 343,अनुच्छेद 349,अनुच्छेद 351,A
आधुनिक भारतीय आर्य भाषाओं का विकास किस भाषा से हुआ है?,संस्कृत / अपभ्रंश,प्राकृत,पाली,अंग्रेजी,A
हिंदी भाषा का मानक रूप किस बोली पर आधारित है?,खड़ी बोली,अवधी,ब्रजभाषा,भोजपुरी,A
'गीतांजलि' के लिए रबिन्द्रनाथ टैगोर को नोबेल पुरस्कार कब मिला था?,1911,1913,1915,1919,B
वार्षिक राजभाषा पत्रिका ‘तरंग’ की मुख्य सम्पादक कौन हैं?,आलोक कुमार चौधरी / कार्यपालक निदेशक,सुप्रिय भट्टाचार्य / महाप्रबन्धक,प्रियंका शर्मा / संयुक्त महाप्रबन्धक,राम नरेश मीना / संयुक्त महाप्रबन्धक,A
राष्ट्रीय गीत ‘वन्दे मातरम्’ के रचयिता का नाम क्या है?,बंकिम चन्द्र चैटर्जी,रविन्द्र नाथ टैगोर,माखन लाल चतुर्वेदी,मैथिलीशरण गुप्त,A
‘तरंग’ पत्रिका में ‘दमदम की गवाही’ के रचयिता का नाम क्या है?,दया शंकर उपाध्याय,भास्कर कु कर्ण,अमर्त्य तालुकदार,राम प्रवेश कुमार / कार्यशाला प्रबन्धक,C
28वें नेशनल डिफेंस एग्जिबिशन का आयोजन किस वर्ष में हुआ था?,2026,2008,2025,2024,C
विनोबा भावे का जन्म कब हुआ था?,1860,1894,1898,1901,B
"आयुध निर्माणी दमदम, कोलकाता राजभाषा कार्यान्वयन समिति के अध्यक्ष का नाम बताइए।",आलोक कुमार चौधरी / कार्यपालक निदेशक,सुप्रिय भट्टाचार्य / महाप्रबन्धक,प्रियंका शर्मा / संयुक्त महाप्रबन्धक,रामानुज भट्टाचार्य / संयुक्त महाप्रबन्धक,A
